날짜,조회수
2026-01-29,13
2026-01-30,13
2026-01-31,146
2026-02-01,141
2026-02-02,724
2026-02-03,1289
2026-02-04,921
2026-02-05,807
2026-02-06,947
2026-02-07,575
2026-02-08,560
2026-02-09,704
2026-02-10,672
2026-02-11,705
2026-02-12,445
2026-02-13,1766
2026-02-14,4367
2026-02-15,3004
2026-02-16,4253
2026-02-17,2559
2026-02-18,3987
2026-02-19,2857
2026-02-20,2338
2026-02-21,1193
2026-02-22,2197
2026-02-23,8430
2026-02-24,7300
2026-02-25,5336
2026-02-26,3623
2026-02-27,2546
2026-02-28,3440
2026-03-01,4990
2026-03-02,6133
2026-03-03,5291
2026-03-04,3166
2026-03-05,3154
2026-03-06,4913
2026-03-07,3764
2026-03-08,3259
2026-03-09,3756
2026-03-10,2609
2026-03-11,3076
2026-03-12,3024
2026-03-13,3845
2026-03-14,3071
2026-03-15,2377
2026-03-16,2819
2026-03-17,4696
2026-03-18,3387
2026-03-19,2744
2026-03-20,1636
2026-03-21,1532
2026-03-22,1386
2026-03-23,2265
2026-03-24,1975
2026-03-25,1247
2026-03-26,842
2026-03-27,1838
2026-03-28,1167
2026-03-29,950
2026-03-30,1261
2026-03-31,1085
2026-04-01,1296
2026-04-02,1317
2026-04-03,1858
2026-04-04,1298
2026-04-05,1345
2026-04-06,1739
2026-04-07,1755
2026-04-08,2382
2026-04-09,2644
2026-04-10,2292
2026-04-11,1719
2026-04-12,3284
2026-04-13,3643
2026-04-14,2905
2026-04-15,3962
2026-04-16,3618
2026-04-17,3031
2026-04-18,2735
2026-04-19,2337
2026-04-20,3504
2026-04-21,2857
2026-04-22,3023
2026-04-23,2613
2026-04-24,3992
2026-04-25,4583
2026-04-26,5839
2026-04-27,6235
2026-04-28,5077
