날짜,콘텐츠,동영상 제목,동영상 게시 시간,길이,조회수
2026-01-29,EWoiwcVSFvw,"아침 기도의 3가지 비밀, 성경이 증명하는 하루의 시작","Apr 12, 2026",925,0
2026-01-30,EWoiwcVSFvw,"아침 기도의 3가지 비밀, 성경이 증명하는 하루의 시작","Apr 12, 2026",925,0
2026-01-31,EWoiwcVSFvw,"아침 기도의 3가지 비밀, 성경이 증명하는 하루의 시작","Apr 12, 2026",925,0
2026-02-01,EWoiwcVSFvw,"아침 기도의 3가지 비밀, 성경이 증명하는 하루의 시작","Apr 12, 2026",925,0
2026-02-02,EWoiwcVSFvw,"아침 기도의 3가지 비밀, 성경이 증명하는 하루의 시작","Apr 12, 2026",925,0
2026-02-03,EWoiwcVSFvw,"아침 기도의 3가지 비밀, 성경이 증명하는 하루의 시작","Apr 12, 2026",925,0
2026-02-04,EWoiwcVSFvw,"아침 기도의 3가지 비밀, 성경이 증명하는 하루의 시작","Apr 12, 2026",925,0
2026-02-05,EWoiwcVSFvw,"아침 기도의 3가지 비밀, 성경이 증명하는 하루의 시작","Apr 12, 2026",925,0
2026-02-06,EWoiwcVSFvw,"아침 기도의 3가지 비밀, 성경이 증명하는 하루의 시작","Apr 12, 2026",925,0
2026-02-07,EWoiwcVSFvw,"아침 기도의 3가지 비밀, 성경이 증명하는 하루의 시작","Apr 12, 2026",925,0
2026-02-08,EWoiwcVSFvw,"아침 기도의 3가지 비밀, 성경이 증명하는 하루의 시작","Apr 12, 2026",925,0
2026-02-09,EWoiwcVSFvw,"아침 기도의 3가지 비밀, 성경이 증명하는 하루의 시작","Apr 12, 2026",925,0
2026-02-10,EWoiwcVSFvw,"아침 기도의 3가지 비밀, 성경이 증명하는 하루의 시작","Apr 12, 2026",925,0
2026-02-11,EWoiwcVSFvw,"아침 기도의 3가지 비밀, 성경이 증명하는 하루의 시작","Apr 12, 2026",925,0
2026-02-12,EWoiwcVSFvw,"아침 기도의 3가지 비밀, 성경이 증명하는 하루의 시작","Apr 12, 2026",925,0
2026-02-13,EWoiwcVSFvw,"아침 기도의 3가지 비밀, 성경이 증명하는 하루의 시작","Apr 12, 2026",925,0
2026-02-14,EWoiwcVSFvw,"아침 기도의 3가지 비밀, 성경이 증명하는 하루의 시작","Apr 12, 2026",925,0
2026-02-15,EWoiwcVSFvw,"아침 기도의 3가지 비밀, 성경이 증명하는 하루의 시작","Apr 12, 2026",925,0
2026-02-16,EWoiwcVSFvw,"아침 기도의 3가지 비밀, 성경이 증명하는 하루의 시작","Apr 12, 2026",925,0
2026-02-17,EWoiwcVSFvw,"아침 기도의 3가지 비밀, 성경이 증명하는 하루의 시작","Apr 12, 2026",925,0
2026-02-18,EWoiwcVSFvw,"아침 기도의 3가지 비밀, 성경이 증명하는 하루의 시작","Apr 12, 2026",925,0
2026-02-19,EWoiwcVSFvw,"아침 기도의 3가지 비밀, 성경이 증명하는 하루의 시작","Apr 12, 2026",925,0
2026-02-20,EWoiwcVSFvw,"아침 기도의 3가지 비밀, 성경이 증명하는 하루의 시작","Apr 12, 2026",925,0
2026-02-21,EWoiwcVSFvw,"아침 기도의 3가지 비밀, 성경이 증명하는 하루의 시작","Apr 12, 2026",925,0
2026-02-22,EWoiwcVSFvw,"아침 기도의 3가지 비밀, 성경이 증명하는 하루의 시작","Apr 12, 2026",925,0
2026-02-23,EWoiwcVSFvw,"아침 기도의 3가지 비밀, 성경이 증명하는 하루의 시작","Apr 12, 2026",925,0
2026-02-24,EWoiwcVSFvw,"아침 기도의 3가지 비밀, 성경이 증명하는 하루의 시작","Apr 12, 2026",925,0
2026-02-25,EWoiwcVSFvw,"아침 기도의 3가지 비밀, 성경이 증명하는 하루의 시작","Apr 12, 2026",925,0
2026-02-26,EWoiwcVSFvw,"아침 기도의 3가지 비밀, 성경이 증명하는 하루의 시작","Apr 12, 2026",925,0
2026-02-27,EWoiwcVSFvw,"아침 기도의 3가지 비밀, 성경이 증명하는 하루의 시작","Apr 12, 2026",925,0
2026-02-28,EWoiwcVSFvw,"아침 기도의 3가지 비밀, 성경이 증명하는 하루의 시작","Apr 12, 2026",925,0
2026-03-01,EWoiwcVSFvw,"아침 기도의 3가지 비밀, 성경이 증명하는 하루의 시작","Apr 12, 2026",925,0
2026-03-02,EWoiwcVSFvw,"아침 기도의 3가지 비밀, 성경이 증명하는 하루의 시작","Apr 12, 2026",925,0
2026-03-03,EWoiwcVSFvw,"아침 기도의 3가지 비밀, 성경이 증명하는 하루의 시작","Apr 12, 2026",925,0
2026-03-04,EWoiwcVSFvw,"아침 기도의 3가지 비밀, 성경이 증명하는 하루의 시작","Apr 12, 2026",925,0
2026-03-05,EWoiwcVSFvw,"아침 기도의 3가지 비밀, 성경이 증명하는 하루의 시작","Apr 12, 2026",925,0
2026-03-06,EWoiwcVSFvw,"아침 기도의 3가지 비밀, 성경이 증명하는 하루의 시작","Apr 12, 2026",925,0
2026-03-07,EWoiwcVSFvw,"아침 기도의 3가지 비밀, 성경이 증명하는 하루의 시작","Apr 12, 2026",925,0
2026-03-08,EWoiwcVSFvw,"아침 기도의 3가지 비밀, 성경이 증명하는 하루의 시작","Apr 12, 2026",925,0
2026-03-09,EWoiwcVSFvw,"아침 기도의 3가지 비밀, 성경이 증명하는 하루의 시작","Apr 12, 2026",925,0
2026-03-10,EWoiwcVSFvw,"아침 기도의 3가지 비밀, 성경이 증명하는 하루의 시작","Apr 12, 2026",925,0
2026-03-11,EWoiwcVSFvw,"아침 기도의 3가지 비밀, 성경이 증명하는 하루의 시작","Apr 12, 2026",925,0
2026-03-12,EWoiwcVSFvw,"아침 기도의 3가지 비밀, 성경이 증명하는 하루의 시작","Apr 12, 2026",925,0
2026-03-13,EWoiwcVSFvw,"아침 기도의 3가지 비밀, 성경이 증명하는 하루의 시작","Apr 12, 2026",925,0
2026-03-14,EWoiwcVSFvw,"아침 기도의 3가지 비밀, 성경이 증명하는 하루의 시작","Apr 12, 2026",925,0
2026-03-15,EWoiwcVSFvw,"아침 기도의 3가지 비밀, 성경이 증명하는 하루의 시작","Apr 12, 2026",925,0
2026-03-16,EWoiwcVSFvw,"아침 기도의 3가지 비밀, 성경이 증명하는 하루의 시작","Apr 12, 2026",925,0
2026-03-17,EWoiwcVSFvw,"아침 기도의 3가지 비밀, 성경이 증명하는 하루의 시작","Apr 12, 2026",925,0
2026-03-18,EWoiwcVSFvw,"아침 기도의 3가지 비밀, 성경이 증명하는 하루의 시작","Apr 12, 2026",925,0
2026-03-19,EWoiwcVSFvw,"아침 기도의 3가지 비밀, 성경이 증명하는 하루의 시작","Apr 12, 2026",925,0
2026-03-20,EWoiwcVSFvw,"아침 기도의 3가지 비밀, 성경이 증명하는 하루의 시작","Apr 12, 2026",925,0
2026-03-21,EWoiwcVSFvw,"아침 기도의 3가지 비밀, 성경이 증명하는 하루의 시작","Apr 12, 2026",925,0
2026-03-22,EWoiwcVSFvw,"아침 기도의 3가지 비밀, 성경이 증명하는 하루의 시작","Apr 12, 2026",925,0
2026-03-23,EWoiwcVSFvw,"아침 기도의 3가지 비밀, 성경이 증명하는 하루의 시작","Apr 12, 2026",925,0
2026-03-24,EWoiwcVSFvw,"아침 기도의 3가지 비밀, 성경이 증명하는 하루의 시작","Apr 12, 2026",925,0
2026-03-25,EWoiwcVSFvw,"아침 기도의 3가지 비밀, 성경이 증명하는 하루의 시작","Apr 12, 2026",925,0
2026-03-26,EWoiwcVSFvw,"아침 기도의 3가지 비밀, 성경이 증명하는 하루의 시작","Apr 12, 2026",925,0
2026-03-27,EWoiwcVSFvw,"아침 기도의 3가지 비밀, 성경이 증명하는 하루의 시작","Apr 12, 2026",925,0
2026-03-28,EWoiwcVSFvw,"아침 기도의 3가지 비밀, 성경이 증명하는 하루의 시작","Apr 12, 2026",925,0
2026-03-29,EWoiwcVSFvw,"아침 기도의 3가지 비밀, 성경이 증명하는 하루의 시작","Apr 12, 2026",925,0
2026-03-30,EWoiwcVSFvw,"아침 기도의 3가지 비밀, 성경이 증명하는 하루의 시작","Apr 12, 2026",925,0
2026-03-31,EWoiwcVSFvw,"아침 기도의 3가지 비밀, 성경이 증명하는 하루의 시작","Apr 12, 2026",925,0
2026-04-01,EWoiwcVSFvw,"아침 기도의 3가지 비밀, 성경이 증명하는 하루의 시작","Apr 12, 2026",925,0
2026-04-02,EWoiwcVSFvw,"아침 기도의 3가지 비밀, 성경이 증명하는 하루의 시작","Apr 12, 2026",925,0
2026-04-03,EWoiwcVSFvw,"아침 기도의 3가지 비밀, 성경이 증명하는 하루의 시작","Apr 12, 2026",925,0
2026-04-04,EWoiwcVSFvw,"아침 기도의 3가지 비밀, 성경이 증명하는 하루의 시작","Apr 12, 2026",925,0
2026-04-05,EWoiwcVSFvw,"아침 기도의 3가지 비밀, 성경이 증명하는 하루의 시작","Apr 12, 2026",925,0
2026-04-06,EWoiwcVSFvw,"아침 기도의 3가지 비밀, 성경이 증명하는 하루의 시작","Apr 12, 2026",925,0
2026-04-07,EWoiwcVSFvw,"아침 기도의 3가지 비밀, 성경이 증명하는 하루의 시작","Apr 12, 2026",925,0
2026-04-08,EWoiwcVSFvw,"아침 기도의 3가지 비밀, 성경이 증명하는 하루의 시작","Apr 12, 2026",925,0
2026-04-09,EWoiwcVSFvw,"아침 기도의 3가지 비밀, 성경이 증명하는 하루의 시작","Apr 12, 2026",925,0
2026-04-10,EWoiwcVSFvw,"아침 기도의 3가지 비밀, 성경이 증명하는 하루의 시작","Apr 12, 2026",925,0
2026-04-11,EWoiwcVSFvw,"아침 기도의 3가지 비밀, 성경이 증명하는 하루의 시작","Apr 12, 2026",925,0
2026-04-12,EWoiwcVSFvw,"아침 기도의 3가지 비밀, 성경이 증명하는 하루의 시작","Apr 12, 2026",925,1195
2026-04-13,EWoiwcVSFvw,"아침 기도의 3가지 비밀, 성경이 증명하는 하루의 시작","Apr 12, 2026",925,1034
2026-04-14,EWoiwcVSFvw,"아침 기도의 3가지 비밀, 성경이 증명하는 하루의 시작","Apr 12, 2026",925,616
2026-04-15,EWoiwcVSFvw,"아침 기도의 3가지 비밀, 성경이 증명하는 하루의 시작","Apr 12, 2026",925,1477
2026-04-16,EWoiwcVSFvw,"아침 기도의 3가지 비밀, 성경이 증명하는 하루의 시작","Apr 12, 2026",925,1356
2026-04-17,EWoiwcVSFvw,"아침 기도의 3가지 비밀, 성경이 증명하는 하루의 시작","Apr 12, 2026",925,759
2026-04-18,EWoiwcVSFvw,"아침 기도의 3가지 비밀, 성경이 증명하는 하루의 시작","Apr 12, 2026",925,785
2026-04-19,EWoiwcVSFvw,"아침 기도의 3가지 비밀, 성경이 증명하는 하루의 시작","Apr 12, 2026",925,752
2026-04-20,EWoiwcVSFvw,"아침 기도의 3가지 비밀, 성경이 증명하는 하루의 시작","Apr 12, 2026",925,0
2026-04-21,EWoiwcVSFvw,"아침 기도의 3가지 비밀, 성경이 증명하는 하루의 시작","Apr 12, 2026",925,0
2026-04-22,EWoiwcVSFvw,"아침 기도의 3가지 비밀, 성경이 증명하는 하루의 시작","Apr 12, 2026",925,0
2026-04-23,EWoiwcVSFvw,"아침 기도의 3가지 비밀, 성경이 증명하는 하루의 시작","Apr 12, 2026",925,0
2026-04-24,EWoiwcVSFvw,"아침 기도의 3가지 비밀, 성경이 증명하는 하루의 시작","Apr 12, 2026",925,0
2026-04-25,EWoiwcVSFvw,"아침 기도의 3가지 비밀, 성경이 증명하는 하루의 시작","Apr 12, 2026",925,1247
2026-04-26,EWoiwcVSFvw,"아침 기도의 3가지 비밀, 성경이 증명하는 하루의 시작","Apr 12, 2026",925,1501
2026-04-27,EWoiwcVSFvw,"아침 기도의 3가지 비밀, 성경이 증명하는 하루의 시작","Apr 12, 2026",925,1661
2026-04-28,EWoiwcVSFvw,"아침 기도의 3가지 비밀, 성경이 증명하는 하루의 시작","Apr 12, 2026",925,1370
2026-01-29,SyTzSGQ6jSk,"""아무리 울며 기도해도 상황이 1도 바뀌지 않는다면, 당신은 응답의 문앞에 서 계신 겁니다. (하나님의 3가지 신호)""","Feb 22, 2026",835,0
2026-01-30,SyTzSGQ6jSk,"""아무리 울며 기도해도 상황이 1도 바뀌지 않는다면, 당신은 응답의 문앞에 서 계신 겁니다. (하나님의 3가지 신호)""","Feb 22, 2026",835,0
2026-01-31,SyTzSGQ6jSk,"""아무리 울며 기도해도 상황이 1도 바뀌지 않는다면, 당신은 응답의 문앞에 서 계신 겁니다. (하나님의 3가지 신호)""","Feb 22, 2026",835,0
2026-02-01,SyTzSGQ6jSk,"""아무리 울며 기도해도 상황이 1도 바뀌지 않는다면, 당신은 응답의 문앞에 서 계신 겁니다. (하나님의 3가지 신호)""","Feb 22, 2026",835,0
2026-02-02,SyTzSGQ6jSk,"""아무리 울며 기도해도 상황이 1도 바뀌지 않는다면, 당신은 응답의 문앞에 서 계신 겁니다. (하나님의 3가지 신호)""","Feb 22, 2026",835,0
2026-02-03,SyTzSGQ6jSk,"""아무리 울며 기도해도 상황이 1도 바뀌지 않는다면, 당신은 응답의 문앞에 서 계신 겁니다. (하나님의 3가지 신호)""","Feb 22, 2026",835,0
2026-02-04,SyTzSGQ6jSk,"""아무리 울며 기도해도 상황이 1도 바뀌지 않는다면, 당신은 응답의 문앞에 서 계신 겁니다. (하나님의 3가지 신호)""","Feb 22, 2026",835,0
2026-02-05,SyTzSGQ6jSk,"""아무리 울며 기도해도 상황이 1도 바뀌지 않는다면, 당신은 응답의 문앞에 서 계신 겁니다. (하나님의 3가지 신호)""","Feb 22, 2026",835,0
2026-02-06,SyTzSGQ6jSk,"""아무리 울며 기도해도 상황이 1도 바뀌지 않는다면, 당신은 응답의 문앞에 서 계신 겁니다. (하나님의 3가지 신호)""","Feb 22, 2026",835,0
2026-02-07,SyTzSGQ6jSk,"""아무리 울며 기도해도 상황이 1도 바뀌지 않는다면, 당신은 응답의 문앞에 서 계신 겁니다. (하나님의 3가지 신호)""","Feb 22, 2026",835,0
2026-02-08,SyTzSGQ6jSk,"""아무리 울며 기도해도 상황이 1도 바뀌지 않는다면, 당신은 응답의 문앞에 서 계신 겁니다. (하나님의 3가지 신호)""","Feb 22, 2026",835,0
2026-02-09,SyTzSGQ6jSk,"""아무리 울며 기도해도 상황이 1도 바뀌지 않는다면, 당신은 응답의 문앞에 서 계신 겁니다. (하나님의 3가지 신호)""","Feb 22, 2026",835,0
2026-02-10,SyTzSGQ6jSk,"""아무리 울며 기도해도 상황이 1도 바뀌지 않는다면, 당신은 응답의 문앞에 서 계신 겁니다. (하나님의 3가지 신호)""","Feb 22, 2026",835,0
2026-02-11,SyTzSGQ6jSk,"""아무리 울며 기도해도 상황이 1도 바뀌지 않는다면, 당신은 응답의 문앞에 서 계신 겁니다. (하나님의 3가지 신호)""","Feb 22, 2026",835,0
2026-02-12,SyTzSGQ6jSk,"""아무리 울며 기도해도 상황이 1도 바뀌지 않는다면, 당신은 응답의 문앞에 서 계신 겁니다. (하나님의 3가지 신호)""","Feb 22, 2026",835,0
2026-02-13,SyTzSGQ6jSk,"""아무리 울며 기도해도 상황이 1도 바뀌지 않는다면, 당신은 응답의 문앞에 서 계신 겁니다. (하나님의 3가지 신호)""","Feb 22, 2026",835,0
2026-02-14,SyTzSGQ6jSk,"""아무리 울며 기도해도 상황이 1도 바뀌지 않는다면, 당신은 응답의 문앞에 서 계신 겁니다. (하나님의 3가지 신호)""","Feb 22, 2026",835,0
2026-02-15,SyTzSGQ6jSk,"""아무리 울며 기도해도 상황이 1도 바뀌지 않는다면, 당신은 응답의 문앞에 서 계신 겁니다. (하나님의 3가지 신호)""","Feb 22, 2026",835,0
2026-02-16,SyTzSGQ6jSk,"""아무리 울며 기도해도 상황이 1도 바뀌지 않는다면, 당신은 응답의 문앞에 서 계신 겁니다. (하나님의 3가지 신호)""","Feb 22, 2026",835,0
2026-02-17,SyTzSGQ6jSk,"""아무리 울며 기도해도 상황이 1도 바뀌지 않는다면, 당신은 응답의 문앞에 서 계신 겁니다. (하나님의 3가지 신호)""","Feb 22, 2026",835,0
2026-02-18,SyTzSGQ6jSk,"""아무리 울며 기도해도 상황이 1도 바뀌지 않는다면, 당신은 응답의 문앞에 서 계신 겁니다. (하나님의 3가지 신호)""","Feb 22, 2026",835,0
2026-02-19,SyTzSGQ6jSk,"""아무리 울며 기도해도 상황이 1도 바뀌지 않는다면, 당신은 응답의 문앞에 서 계신 겁니다. (하나님의 3가지 신호)""","Feb 22, 2026",835,0
2026-02-20,SyTzSGQ6jSk,"""아무리 울며 기도해도 상황이 1도 바뀌지 않는다면, 당신은 응답의 문앞에 서 계신 겁니다. (하나님의 3가지 신호)""","Feb 22, 2026",835,0
2026-02-21,SyTzSGQ6jSk,"""아무리 울며 기도해도 상황이 1도 바뀌지 않는다면, 당신은 응답의 문앞에 서 계신 겁니다. (하나님의 3가지 신호)""","Feb 22, 2026",835,0
2026-02-22,SyTzSGQ6jSk,"""아무리 울며 기도해도 상황이 1도 바뀌지 않는다면, 당신은 응답의 문앞에 서 계신 겁니다. (하나님의 3가지 신호)""","Feb 22, 2026",835,248
2026-02-23,SyTzSGQ6jSk,"""아무리 울며 기도해도 상황이 1도 바뀌지 않는다면, 당신은 응답의 문앞에 서 계신 겁니다. (하나님의 3가지 신호)""","Feb 22, 2026",835,5026
2026-02-24,SyTzSGQ6jSk,"""아무리 울며 기도해도 상황이 1도 바뀌지 않는다면, 당신은 응답의 문앞에 서 계신 겁니다. (하나님의 3가지 신호)""","Feb 22, 2026",835,3669
2026-02-25,SyTzSGQ6jSk,"""아무리 울며 기도해도 상황이 1도 바뀌지 않는다면, 당신은 응답의 문앞에 서 계신 겁니다. (하나님의 3가지 신호)""","Feb 22, 2026",835,2108
2026-02-26,SyTzSGQ6jSk,"""아무리 울며 기도해도 상황이 1도 바뀌지 않는다면, 당신은 응답의 문앞에 서 계신 겁니다. (하나님의 3가지 신호)""","Feb 22, 2026",835,1486
2026-02-27,SyTzSGQ6jSk,"""아무리 울며 기도해도 상황이 1도 바뀌지 않는다면, 당신은 응답의 문앞에 서 계신 겁니다. (하나님의 3가지 신호)""","Feb 22, 2026",835,963
2026-02-28,SyTzSGQ6jSk,"""아무리 울며 기도해도 상황이 1도 바뀌지 않는다면, 당신은 응답의 문앞에 서 계신 겁니다. (하나님의 3가지 신호)""","Feb 22, 2026",835,1103
2026-03-01,SyTzSGQ6jSk,"""아무리 울며 기도해도 상황이 1도 바뀌지 않는다면, 당신은 응답의 문앞에 서 계신 겁니다. (하나님의 3가지 신호)""","Feb 22, 2026",835,1991
2026-03-02,SyTzSGQ6jSk,"""아무리 울며 기도해도 상황이 1도 바뀌지 않는다면, 당신은 응답의 문앞에 서 계신 겁니다. (하나님의 3가지 신호)""","Feb 22, 2026",835,2162
2026-03-03,SyTzSGQ6jSk,"""아무리 울며 기도해도 상황이 1도 바뀌지 않는다면, 당신은 응답의 문앞에 서 계신 겁니다. (하나님의 3가지 신호)""","Feb 22, 2026",835,1619
2026-03-04,SyTzSGQ6jSk,"""아무리 울며 기도해도 상황이 1도 바뀌지 않는다면, 당신은 응답의 문앞에 서 계신 겁니다. (하나님의 3가지 신호)""","Feb 22, 2026",835,912
2026-03-05,SyTzSGQ6jSk,"""아무리 울며 기도해도 상황이 1도 바뀌지 않는다면, 당신은 응답의 문앞에 서 계신 겁니다. (하나님의 3가지 신호)""","Feb 22, 2026",835,818
2026-03-06,SyTzSGQ6jSk,"""아무리 울며 기도해도 상황이 1도 바뀌지 않는다면, 당신은 응답의 문앞에 서 계신 겁니다. (하나님의 3가지 신호)""","Feb 22, 2026",835,596
2026-03-07,SyTzSGQ6jSk,"""아무리 울며 기도해도 상황이 1도 바뀌지 않는다면, 당신은 응답의 문앞에 서 계신 겁니다. (하나님의 3가지 신호)""","Feb 22, 2026",835,525
2026-03-08,SyTzSGQ6jSk,"""아무리 울며 기도해도 상황이 1도 바뀌지 않는다면, 당신은 응답의 문앞에 서 계신 겁니다. (하나님의 3가지 신호)""","Feb 22, 2026",835,405
2026-03-09,SyTzSGQ6jSk,"""아무리 울며 기도해도 상황이 1도 바뀌지 않는다면, 당신은 응답의 문앞에 서 계신 겁니다. (하나님의 3가지 신호)""","Feb 22, 2026",835,488
2026-03-10,SyTzSGQ6jSk,"""아무리 울며 기도해도 상황이 1도 바뀌지 않는다면, 당신은 응답의 문앞에 서 계신 겁니다. (하나님의 3가지 신호)""","Feb 22, 2026",835,507
2026-03-11,SyTzSGQ6jSk,"""아무리 울며 기도해도 상황이 1도 바뀌지 않는다면, 당신은 응답의 문앞에 서 계신 겁니다. (하나님의 3가지 신호)""","Feb 22, 2026",835,603
2026-03-12,SyTzSGQ6jSk,"""아무리 울며 기도해도 상황이 1도 바뀌지 않는다면, 당신은 응답의 문앞에 서 계신 겁니다. (하나님의 3가지 신호)""","Feb 22, 2026",835,546
2026-03-13,SyTzSGQ6jSk,"""아무리 울며 기도해도 상황이 1도 바뀌지 않는다면, 당신은 응답의 문앞에 서 계신 겁니다. (하나님의 3가지 신호)""","Feb 22, 2026",835,408
2026-03-14,SyTzSGQ6jSk,"""아무리 울며 기도해도 상황이 1도 바뀌지 않는다면, 당신은 응답의 문앞에 서 계신 겁니다. (하나님의 3가지 신호)""","Feb 22, 2026",835,389
2026-03-15,SyTzSGQ6jSk,"""아무리 울며 기도해도 상황이 1도 바뀌지 않는다면, 당신은 응답의 문앞에 서 계신 겁니다. (하나님의 3가지 신호)""","Feb 22, 2026",835,335
2026-03-16,SyTzSGQ6jSk,"""아무리 울며 기도해도 상황이 1도 바뀌지 않는다면, 당신은 응답의 문앞에 서 계신 겁니다. (하나님의 3가지 신호)""","Feb 22, 2026",835,391
2026-03-17,SyTzSGQ6jSk,"""아무리 울며 기도해도 상황이 1도 바뀌지 않는다면, 당신은 응답의 문앞에 서 계신 겁니다. (하나님의 3가지 신호)""","Feb 22, 2026",835,516
2026-03-18,SyTzSGQ6jSk,"""아무리 울며 기도해도 상황이 1도 바뀌지 않는다면, 당신은 응답의 문앞에 서 계신 겁니다. (하나님의 3가지 신호)""","Feb 22, 2026",835,444
2026-03-19,SyTzSGQ6jSk,"""아무리 울며 기도해도 상황이 1도 바뀌지 않는다면, 당신은 응답의 문앞에 서 계신 겁니다. (하나님의 3가지 신호)""","Feb 22, 2026",835,376
2026-03-20,SyTzSGQ6jSk,"""아무리 울며 기도해도 상황이 1도 바뀌지 않는다면, 당신은 응답의 문앞에 서 계신 겁니다. (하나님의 3가지 신호)""","Feb 22, 2026",835,273
2026-03-21,SyTzSGQ6jSk,"""아무리 울며 기도해도 상황이 1도 바뀌지 않는다면, 당신은 응답의 문앞에 서 계신 겁니다. (하나님의 3가지 신호)""","Feb 22, 2026",835,204
2026-03-22,SyTzSGQ6jSk,"""아무리 울며 기도해도 상황이 1도 바뀌지 않는다면, 당신은 응답의 문앞에 서 계신 겁니다. (하나님의 3가지 신호)""","Feb 22, 2026",835,256
2026-03-23,SyTzSGQ6jSk,"""아무리 울며 기도해도 상황이 1도 바뀌지 않는다면, 당신은 응답의 문앞에 서 계신 겁니다. (하나님의 3가지 신호)""","Feb 22, 2026",835,267
2026-03-24,SyTzSGQ6jSk,"""아무리 울며 기도해도 상황이 1도 바뀌지 않는다면, 당신은 응답의 문앞에 서 계신 겁니다. (하나님의 3가지 신호)""","Feb 22, 2026",835,252
2026-03-25,SyTzSGQ6jSk,"""아무리 울며 기도해도 상황이 1도 바뀌지 않는다면, 당신은 응답의 문앞에 서 계신 겁니다. (하나님의 3가지 신호)""","Feb 22, 2026",835,140
2026-03-26,SyTzSGQ6jSk,"""아무리 울며 기도해도 상황이 1도 바뀌지 않는다면, 당신은 응답의 문앞에 서 계신 겁니다. (하나님의 3가지 신호)""","Feb 22, 2026",835,127
2026-03-27,SyTzSGQ6jSk,"""아무리 울며 기도해도 상황이 1도 바뀌지 않는다면, 당신은 응답의 문앞에 서 계신 겁니다. (하나님의 3가지 신호)""","Feb 22, 2026",835,85
2026-03-28,SyTzSGQ6jSk,"""아무리 울며 기도해도 상황이 1도 바뀌지 않는다면, 당신은 응답의 문앞에 서 계신 겁니다. (하나님의 3가지 신호)""","Feb 22, 2026",835,100
2026-03-29,SyTzSGQ6jSk,"""아무리 울며 기도해도 상황이 1도 바뀌지 않는다면, 당신은 응답의 문앞에 서 계신 겁니다. (하나님의 3가지 신호)""","Feb 22, 2026",835,91
2026-03-30,SyTzSGQ6jSk,"""아무리 울며 기도해도 상황이 1도 바뀌지 않는다면, 당신은 응답의 문앞에 서 계신 겁니다. (하나님의 3가지 신호)""","Feb 22, 2026",835,79
2026-03-31,SyTzSGQ6jSk,"""아무리 울며 기도해도 상황이 1도 바뀌지 않는다면, 당신은 응답의 문앞에 서 계신 겁니다. (하나님의 3가지 신호)""","Feb 22, 2026",835,83
2026-04-01,SyTzSGQ6jSk,"""아무리 울며 기도해도 상황이 1도 바뀌지 않는다면, 당신은 응답의 문앞에 서 계신 겁니다. (하나님의 3가지 신호)""","Feb 22, 2026",835,67
2026-04-02,SyTzSGQ6jSk,"""아무리 울며 기도해도 상황이 1도 바뀌지 않는다면, 당신은 응답의 문앞에 서 계신 겁니다. (하나님의 3가지 신호)""","Feb 22, 2026",835,74
2026-04-03,SyTzSGQ6jSk,"""아무리 울며 기도해도 상황이 1도 바뀌지 않는다면, 당신은 응답의 문앞에 서 계신 겁니다. (하나님의 3가지 신호)""","Feb 22, 2026",835,80
2026-04-04,SyTzSGQ6jSk,"""아무리 울며 기도해도 상황이 1도 바뀌지 않는다면, 당신은 응답의 문앞에 서 계신 겁니다. (하나님의 3가지 신호)""","Feb 22, 2026",835,70
2026-04-05,SyTzSGQ6jSk,"""아무리 울며 기도해도 상황이 1도 바뀌지 않는다면, 당신은 응답의 문앞에 서 계신 겁니다. (하나님의 3가지 신호)""","Feb 22, 2026",835,82
2026-04-06,SyTzSGQ6jSk,"""아무리 울며 기도해도 상황이 1도 바뀌지 않는다면, 당신은 응답의 문앞에 서 계신 겁니다. (하나님의 3가지 신호)""","Feb 22, 2026",835,97
2026-04-07,SyTzSGQ6jSk,"""아무리 울며 기도해도 상황이 1도 바뀌지 않는다면, 당신은 응답의 문앞에 서 계신 겁니다. (하나님의 3가지 신호)""","Feb 22, 2026",835,110
2026-04-08,SyTzSGQ6jSk,"""아무리 울며 기도해도 상황이 1도 바뀌지 않는다면, 당신은 응답의 문앞에 서 계신 겁니다. (하나님의 3가지 신호)""","Feb 22, 2026",835,123
2026-04-09,SyTzSGQ6jSk,"""아무리 울며 기도해도 상황이 1도 바뀌지 않는다면, 당신은 응답의 문앞에 서 계신 겁니다. (하나님의 3가지 신호)""","Feb 22, 2026",835,110
2026-04-10,SyTzSGQ6jSk,"""아무리 울며 기도해도 상황이 1도 바뀌지 않는다면, 당신은 응답의 문앞에 서 계신 겁니다. (하나님의 3가지 신호)""","Feb 22, 2026",835,100
2026-04-11,SyTzSGQ6jSk,"""아무리 울며 기도해도 상황이 1도 바뀌지 않는다면, 당신은 응답의 문앞에 서 계신 겁니다. (하나님의 3가지 신호)""","Feb 22, 2026",835,86
2026-04-12,SyTzSGQ6jSk,"""아무리 울며 기도해도 상황이 1도 바뀌지 않는다면, 당신은 응답의 문앞에 서 계신 겁니다. (하나님의 3가지 신호)""","Feb 22, 2026",835,136
2026-04-13,SyTzSGQ6jSk,"""아무리 울며 기도해도 상황이 1도 바뀌지 않는다면, 당신은 응답의 문앞에 서 계신 겁니다. (하나님의 3가지 신호)""","Feb 22, 2026",835,182
2026-04-14,SyTzSGQ6jSk,"""아무리 울며 기도해도 상황이 1도 바뀌지 않는다면, 당신은 응답의 문앞에 서 계신 겁니다. (하나님의 3가지 신호)""","Feb 22, 2026",835,84
2026-04-15,SyTzSGQ6jSk,"""아무리 울며 기도해도 상황이 1도 바뀌지 않는다면, 당신은 응답의 문앞에 서 계신 겁니다. (하나님의 3가지 신호)""","Feb 22, 2026",835,82
2026-04-16,SyTzSGQ6jSk,"""아무리 울며 기도해도 상황이 1도 바뀌지 않는다면, 당신은 응답의 문앞에 서 계신 겁니다. (하나님의 3가지 신호)""","Feb 22, 2026",835,115
2026-04-17,SyTzSGQ6jSk,"""아무리 울며 기도해도 상황이 1도 바뀌지 않는다면, 당신은 응답의 문앞에 서 계신 겁니다. (하나님의 3가지 신호)""","Feb 22, 2026",835,98
2026-04-18,SyTzSGQ6jSk,"""아무리 울며 기도해도 상황이 1도 바뀌지 않는다면, 당신은 응답의 문앞에 서 계신 겁니다. (하나님의 3가지 신호)""","Feb 22, 2026",835,66
2026-04-19,SyTzSGQ6jSk,"""아무리 울며 기도해도 상황이 1도 바뀌지 않는다면, 당신은 응답의 문앞에 서 계신 겁니다. (하나님의 3가지 신호)""","Feb 22, 2026",835,69
2026-04-20,SyTzSGQ6jSk,"""아무리 울며 기도해도 상황이 1도 바뀌지 않는다면, 당신은 응답의 문앞에 서 계신 겁니다. (하나님의 3가지 신호)""","Feb 22, 2026",835,0
2026-04-21,SyTzSGQ6jSk,"""아무리 울며 기도해도 상황이 1도 바뀌지 않는다면, 당신은 응답의 문앞에 서 계신 겁니다. (하나님의 3가지 신호)""","Feb 22, 2026",835,0
2026-04-22,SyTzSGQ6jSk,"""아무리 울며 기도해도 상황이 1도 바뀌지 않는다면, 당신은 응답의 문앞에 서 계신 겁니다. (하나님의 3가지 신호)""","Feb 22, 2026",835,0
2026-04-23,SyTzSGQ6jSk,"""아무리 울며 기도해도 상황이 1도 바뀌지 않는다면, 당신은 응답의 문앞에 서 계신 겁니다. (하나님의 3가지 신호)""","Feb 22, 2026",835,0
2026-04-24,SyTzSGQ6jSk,"""아무리 울며 기도해도 상황이 1도 바뀌지 않는다면, 당신은 응답의 문앞에 서 계신 겁니다. (하나님의 3가지 신호)""","Feb 22, 2026",835,0
2026-04-25,SyTzSGQ6jSk,"""아무리 울며 기도해도 상황이 1도 바뀌지 않는다면, 당신은 응답의 문앞에 서 계신 겁니다. (하나님의 3가지 신호)""","Feb 22, 2026",835,67
2026-04-26,SyTzSGQ6jSk,"""아무리 울며 기도해도 상황이 1도 바뀌지 않는다면, 당신은 응답의 문앞에 서 계신 겁니다. (하나님의 3가지 신호)""","Feb 22, 2026",835,87
2026-04-27,SyTzSGQ6jSk,"""아무리 울며 기도해도 상황이 1도 바뀌지 않는다면, 당신은 응답의 문앞에 서 계신 겁니다. (하나님의 3가지 신호)""","Feb 22, 2026",835,113
2026-04-28,SyTzSGQ6jSk,"""아무리 울며 기도해도 상황이 1도 바뀌지 않는다면, 당신은 응답의 문앞에 서 계신 겁니다. (하나님의 3가지 신호)""","Feb 22, 2026",835,109
2026-01-29,UaWyKr0gEN4,"""모두에게 잘해주지 마세요"" 착한 사람이 가장 먼저 챙겨야 할 성경적 우선순위 5가지","Feb 9, 2026",1240,0
2026-01-30,UaWyKr0gEN4,"""모두에게 잘해주지 마세요"" 착한 사람이 가장 먼저 챙겨야 할 성경적 우선순위 5가지","Feb 9, 2026",1240,0
2026-01-31,UaWyKr0gEN4,"""모두에게 잘해주지 마세요"" 착한 사람이 가장 먼저 챙겨야 할 성경적 우선순위 5가지","Feb 9, 2026",1240,0
2026-02-01,UaWyKr0gEN4,"""모두에게 잘해주지 마세요"" 착한 사람이 가장 먼저 챙겨야 할 성경적 우선순위 5가지","Feb 9, 2026",1240,0
2026-02-02,UaWyKr0gEN4,"""모두에게 잘해주지 마세요"" 착한 사람이 가장 먼저 챙겨야 할 성경적 우선순위 5가지","Feb 9, 2026",1240,0
2026-02-03,UaWyKr0gEN4,"""모두에게 잘해주지 마세요"" 착한 사람이 가장 먼저 챙겨야 할 성경적 우선순위 5가지","Feb 9, 2026",1240,0
2026-02-04,UaWyKr0gEN4,"""모두에게 잘해주지 마세요"" 착한 사람이 가장 먼저 챙겨야 할 성경적 우선순위 5가지","Feb 9, 2026",1240,0
2026-02-05,UaWyKr0gEN4,"""모두에게 잘해주지 마세요"" 착한 사람이 가장 먼저 챙겨야 할 성경적 우선순위 5가지","Feb 9, 2026",1240,0
2026-02-06,UaWyKr0gEN4,"""모두에게 잘해주지 마세요"" 착한 사람이 가장 먼저 챙겨야 할 성경적 우선순위 5가지","Feb 9, 2026",1240,0
2026-02-07,UaWyKr0gEN4,"""모두에게 잘해주지 마세요"" 착한 사람이 가장 먼저 챙겨야 할 성경적 우선순위 5가지","Feb 9, 2026",1240,0
2026-02-08,UaWyKr0gEN4,"""모두에게 잘해주지 마세요"" 착한 사람이 가장 먼저 챙겨야 할 성경적 우선순위 5가지","Feb 9, 2026",1240,0
2026-02-09,UaWyKr0gEN4,"""모두에게 잘해주지 마세요"" 착한 사람이 가장 먼저 챙겨야 할 성경적 우선순위 5가지","Feb 9, 2026",1240,44
2026-02-10,UaWyKr0gEN4,"""모두에게 잘해주지 마세요"" 착한 사람이 가장 먼저 챙겨야 할 성경적 우선순위 5가지","Feb 9, 2026",1240,113
2026-02-11,UaWyKr0gEN4,"""모두에게 잘해주지 마세요"" 착한 사람이 가장 먼저 챙겨야 할 성경적 우선순위 5가지","Feb 9, 2026",1240,83
2026-02-12,UaWyKr0gEN4,"""모두에게 잘해주지 마세요"" 착한 사람이 가장 먼저 챙겨야 할 성경적 우선순위 5가지","Feb 9, 2026",1240,115
2026-02-13,UaWyKr0gEN4,"""모두에게 잘해주지 마세요"" 착한 사람이 가장 먼저 챙겨야 할 성경적 우선순위 5가지","Feb 9, 2026",1240,1461
2026-02-14,UaWyKr0gEN4,"""모두에게 잘해주지 마세요"" 착한 사람이 가장 먼저 챙겨야 할 성경적 우선순위 5가지","Feb 9, 2026",1240,3874
2026-02-15,UaWyKr0gEN4,"""모두에게 잘해주지 마세요"" 착한 사람이 가장 먼저 챙겨야 할 성경적 우선순위 5가지","Feb 9, 2026",1240,2103
2026-02-16,UaWyKr0gEN4,"""모두에게 잘해주지 마세요"" 착한 사람이 가장 먼저 챙겨야 할 성경적 우선순위 5가지","Feb 9, 2026",1240,1230
2026-02-17,UaWyKr0gEN4,"""모두에게 잘해주지 마세요"" 착한 사람이 가장 먼저 챙겨야 할 성경적 우선순위 5가지","Feb 9, 2026",1240,2335
2026-02-18,UaWyKr0gEN4,"""모두에게 잘해주지 마세요"" 착한 사람이 가장 먼저 챙겨야 할 성경적 우선순위 5가지","Feb 9, 2026",1240,2972
2026-02-19,UaWyKr0gEN4,"""모두에게 잘해주지 마세요"" 착한 사람이 가장 먼저 챙겨야 할 성경적 우선순위 5가지","Feb 9, 2026",1240,2355
2026-02-20,UaWyKr0gEN4,"""모두에게 잘해주지 마세요"" 착한 사람이 가장 먼저 챙겨야 할 성경적 우선순위 5가지","Feb 9, 2026",1240,1264
2026-02-21,UaWyKr0gEN4,"""모두에게 잘해주지 마세요"" 착한 사람이 가장 먼저 챙겨야 할 성경적 우선순위 5가지","Feb 9, 2026",1240,1004
2026-02-22,UaWyKr0gEN4,"""모두에게 잘해주지 마세요"" 착한 사람이 가장 먼저 챙겨야 할 성경적 우선순위 5가지","Feb 9, 2026",1240,1730
2026-02-23,UaWyKr0gEN4,"""모두에게 잘해주지 마세요"" 착한 사람이 가장 먼저 챙겨야 할 성경적 우선순위 5가지","Feb 9, 2026",1240,2390
2026-02-24,UaWyKr0gEN4,"""모두에게 잘해주지 마세요"" 착한 사람이 가장 먼저 챙겨야 할 성경적 우선순위 5가지","Feb 9, 2026",1240,2487
2026-02-25,UaWyKr0gEN4,"""모두에게 잘해주지 마세요"" 착한 사람이 가장 먼저 챙겨야 할 성경적 우선순위 5가지","Feb 9, 2026",1240,2428
2026-02-26,UaWyKr0gEN4,"""모두에게 잘해주지 마세요"" 착한 사람이 가장 먼저 챙겨야 할 성경적 우선순위 5가지","Feb 9, 2026",1240,1366
2026-02-27,UaWyKr0gEN4,"""모두에게 잘해주지 마세요"" 착한 사람이 가장 먼저 챙겨야 할 성경적 우선순위 5가지","Feb 9, 2026",1240,1149
2026-02-28,UaWyKr0gEN4,"""모두에게 잘해주지 마세요"" 착한 사람이 가장 먼저 챙겨야 할 성경적 우선순위 5가지","Feb 9, 2026",1240,1068
2026-03-01,UaWyKr0gEN4,"""모두에게 잘해주지 마세요"" 착한 사람이 가장 먼저 챙겨야 할 성경적 우선순위 5가지","Feb 9, 2026",1240,1375
2026-03-02,UaWyKr0gEN4,"""모두에게 잘해주지 마세요"" 착한 사람이 가장 먼저 챙겨야 할 성경적 우선순위 5가지","Feb 9, 2026",1240,1333
2026-03-03,UaWyKr0gEN4,"""모두에게 잘해주지 마세요"" 착한 사람이 가장 먼저 챙겨야 할 성경적 우선순위 5가지","Feb 9, 2026",1240,1143
2026-03-04,UaWyKr0gEN4,"""모두에게 잘해주지 마세요"" 착한 사람이 가장 먼저 챙겨야 할 성경적 우선순위 5가지","Feb 9, 2026",1240,525
2026-03-05,UaWyKr0gEN4,"""모두에게 잘해주지 마세요"" 착한 사람이 가장 먼저 챙겨야 할 성경적 우선순위 5가지","Feb 9, 2026",1240,436
2026-03-06,UaWyKr0gEN4,"""모두에게 잘해주지 마세요"" 착한 사람이 가장 먼저 챙겨야 할 성경적 우선순위 5가지","Feb 9, 2026",1240,476
2026-03-07,UaWyKr0gEN4,"""모두에게 잘해주지 마세요"" 착한 사람이 가장 먼저 챙겨야 할 성경적 우선순위 5가지","Feb 9, 2026",1240,227
2026-03-08,UaWyKr0gEN4,"""모두에게 잘해주지 마세요"" 착한 사람이 가장 먼저 챙겨야 할 성경적 우선순위 5가지","Feb 9, 2026",1240,207
2026-03-09,UaWyKr0gEN4,"""모두에게 잘해주지 마세요"" 착한 사람이 가장 먼저 챙겨야 할 성경적 우선순위 5가지","Feb 9, 2026",1240,108
2026-03-10,UaWyKr0gEN4,"""모두에게 잘해주지 마세요"" 착한 사람이 가장 먼저 챙겨야 할 성경적 우선순위 5가지","Feb 9, 2026",1240,61
2026-03-11,UaWyKr0gEN4,"""모두에게 잘해주지 마세요"" 착한 사람이 가장 먼저 챙겨야 할 성경적 우선순위 5가지","Feb 9, 2026",1240,88
2026-03-12,UaWyKr0gEN4,"""모두에게 잘해주지 마세요"" 착한 사람이 가장 먼저 챙겨야 할 성경적 우선순위 5가지","Feb 9, 2026",1240,95
2026-03-13,UaWyKr0gEN4,"""모두에게 잘해주지 마세요"" 착한 사람이 가장 먼저 챙겨야 할 성경적 우선순위 5가지","Feb 9, 2026",1240,34
2026-03-14,UaWyKr0gEN4,"""모두에게 잘해주지 마세요"" 착한 사람이 가장 먼저 챙겨야 할 성경적 우선순위 5가지","Feb 9, 2026",1240,48
2026-03-15,UaWyKr0gEN4,"""모두에게 잘해주지 마세요"" 착한 사람이 가장 먼저 챙겨야 할 성경적 우선순위 5가지","Feb 9, 2026",1240,66
2026-03-16,UaWyKr0gEN4,"""모두에게 잘해주지 마세요"" 착한 사람이 가장 먼저 챙겨야 할 성경적 우선순위 5가지","Feb 9, 2026",1240,42
2026-03-17,UaWyKr0gEN4,"""모두에게 잘해주지 마세요"" 착한 사람이 가장 먼저 챙겨야 할 성경적 우선순위 5가지","Feb 9, 2026",1240,66
2026-03-18,UaWyKr0gEN4,"""모두에게 잘해주지 마세요"" 착한 사람이 가장 먼저 챙겨야 할 성경적 우선순위 5가지","Feb 9, 2026",1240,54
2026-03-19,UaWyKr0gEN4,"""모두에게 잘해주지 마세요"" 착한 사람이 가장 먼저 챙겨야 할 성경적 우선순위 5가지","Feb 9, 2026",1240,68
2026-03-20,UaWyKr0gEN4,"""모두에게 잘해주지 마세요"" 착한 사람이 가장 먼저 챙겨야 할 성경적 우선순위 5가지","Feb 9, 2026",1240,42
2026-03-21,UaWyKr0gEN4,"""모두에게 잘해주지 마세요"" 착한 사람이 가장 먼저 챙겨야 할 성경적 우선순위 5가지","Feb 9, 2026",1240,56
2026-03-22,UaWyKr0gEN4,"""모두에게 잘해주지 마세요"" 착한 사람이 가장 먼저 챙겨야 할 성경적 우선순위 5가지","Feb 9, 2026",1240,43
2026-03-23,UaWyKr0gEN4,"""모두에게 잘해주지 마세요"" 착한 사람이 가장 먼저 챙겨야 할 성경적 우선순위 5가지","Feb 9, 2026",1240,56
2026-03-24,UaWyKr0gEN4,"""모두에게 잘해주지 마세요"" 착한 사람이 가장 먼저 챙겨야 할 성경적 우선순위 5가지","Feb 9, 2026",1240,53
2026-03-25,UaWyKr0gEN4,"""모두에게 잘해주지 마세요"" 착한 사람이 가장 먼저 챙겨야 할 성경적 우선순위 5가지","Feb 9, 2026",1240,30
2026-03-26,UaWyKr0gEN4,"""모두에게 잘해주지 마세요"" 착한 사람이 가장 먼저 챙겨야 할 성경적 우선순위 5가지","Feb 9, 2026",1240,37
2026-03-27,UaWyKr0gEN4,"""모두에게 잘해주지 마세요"" 착한 사람이 가장 먼저 챙겨야 할 성경적 우선순위 5가지","Feb 9, 2026",1240,50
2026-03-28,UaWyKr0gEN4,"""모두에게 잘해주지 마세요"" 착한 사람이 가장 먼저 챙겨야 할 성경적 우선순위 5가지","Feb 9, 2026",1240,42
2026-03-29,UaWyKr0gEN4,"""모두에게 잘해주지 마세요"" 착한 사람이 가장 먼저 챙겨야 할 성경적 우선순위 5가지","Feb 9, 2026",1240,38
2026-03-30,UaWyKr0gEN4,"""모두에게 잘해주지 마세요"" 착한 사람이 가장 먼저 챙겨야 할 성경적 우선순위 5가지","Feb 9, 2026",1240,55
2026-03-31,UaWyKr0gEN4,"""모두에게 잘해주지 마세요"" 착한 사람이 가장 먼저 챙겨야 할 성경적 우선순위 5가지","Feb 9, 2026",1240,57
2026-04-01,UaWyKr0gEN4,"""모두에게 잘해주지 마세요"" 착한 사람이 가장 먼저 챙겨야 할 성경적 우선순위 5가지","Feb 9, 2026",1240,53
2026-04-02,UaWyKr0gEN4,"""모두에게 잘해주지 마세요"" 착한 사람이 가장 먼저 챙겨야 할 성경적 우선순위 5가지","Feb 9, 2026",1240,50
2026-04-03,UaWyKr0gEN4,"""모두에게 잘해주지 마세요"" 착한 사람이 가장 먼저 챙겨야 할 성경적 우선순위 5가지","Feb 9, 2026",1240,41
2026-04-04,UaWyKr0gEN4,"""모두에게 잘해주지 마세요"" 착한 사람이 가장 먼저 챙겨야 할 성경적 우선순위 5가지","Feb 9, 2026",1240,36
2026-04-05,UaWyKr0gEN4,"""모두에게 잘해주지 마세요"" 착한 사람이 가장 먼저 챙겨야 할 성경적 우선순위 5가지","Feb 9, 2026",1240,53
2026-04-06,UaWyKr0gEN4,"""모두에게 잘해주지 마세요"" 착한 사람이 가장 먼저 챙겨야 할 성경적 우선순위 5가지","Feb 9, 2026",1240,29
2026-04-07,UaWyKr0gEN4,"""모두에게 잘해주지 마세요"" 착한 사람이 가장 먼저 챙겨야 할 성경적 우선순위 5가지","Feb 9, 2026",1240,56
2026-04-08,UaWyKr0gEN4,"""모두에게 잘해주지 마세요"" 착한 사람이 가장 먼저 챙겨야 할 성경적 우선순위 5가지","Feb 9, 2026",1240,49
2026-04-09,UaWyKr0gEN4,"""모두에게 잘해주지 마세요"" 착한 사람이 가장 먼저 챙겨야 할 성경적 우선순위 5가지","Feb 9, 2026",1240,29
2026-04-10,UaWyKr0gEN4,"""모두에게 잘해주지 마세요"" 착한 사람이 가장 먼저 챙겨야 할 성경적 우선순위 5가지","Feb 9, 2026",1240,39
2026-04-11,UaWyKr0gEN4,"""모두에게 잘해주지 마세요"" 착한 사람이 가장 먼저 챙겨야 할 성경적 우선순위 5가지","Feb 9, 2026",1240,30
2026-04-12,UaWyKr0gEN4,"""모두에게 잘해주지 마세요"" 착한 사람이 가장 먼저 챙겨야 할 성경적 우선순위 5가지","Feb 9, 2026",1240,25
2026-04-13,UaWyKr0gEN4,"""모두에게 잘해주지 마세요"" 착한 사람이 가장 먼저 챙겨야 할 성경적 우선순위 5가지","Feb 9, 2026",1240,30
2026-04-14,UaWyKr0gEN4,"""모두에게 잘해주지 마세요"" 착한 사람이 가장 먼저 챙겨야 할 성경적 우선순위 5가지","Feb 9, 2026",1240,17
2026-04-15,UaWyKr0gEN4,"""모두에게 잘해주지 마세요"" 착한 사람이 가장 먼저 챙겨야 할 성경적 우선순위 5가지","Feb 9, 2026",1240,31
2026-04-16,UaWyKr0gEN4,"""모두에게 잘해주지 마세요"" 착한 사람이 가장 먼저 챙겨야 할 성경적 우선순위 5가지","Feb 9, 2026",1240,32
2026-04-17,UaWyKr0gEN4,"""모두에게 잘해주지 마세요"" 착한 사람이 가장 먼저 챙겨야 할 성경적 우선순위 5가지","Feb 9, 2026",1240,21
2026-04-18,UaWyKr0gEN4,"""모두에게 잘해주지 마세요"" 착한 사람이 가장 먼저 챙겨야 할 성경적 우선순위 5가지","Feb 9, 2026",1240,51
2026-04-19,UaWyKr0gEN4,"""모두에게 잘해주지 마세요"" 착한 사람이 가장 먼저 챙겨야 할 성경적 우선순위 5가지","Feb 9, 2026",1240,18
2026-04-20,UaWyKr0gEN4,"""모두에게 잘해주지 마세요"" 착한 사람이 가장 먼저 챙겨야 할 성경적 우선순위 5가지","Feb 9, 2026",1240,0
2026-04-21,UaWyKr0gEN4,"""모두에게 잘해주지 마세요"" 착한 사람이 가장 먼저 챙겨야 할 성경적 우선순위 5가지","Feb 9, 2026",1240,0
2026-04-22,UaWyKr0gEN4,"""모두에게 잘해주지 마세요"" 착한 사람이 가장 먼저 챙겨야 할 성경적 우선순위 5가지","Feb 9, 2026",1240,0
2026-04-23,UaWyKr0gEN4,"""모두에게 잘해주지 마세요"" 착한 사람이 가장 먼저 챙겨야 할 성경적 우선순위 5가지","Feb 9, 2026",1240,0
2026-04-24,UaWyKr0gEN4,"""모두에게 잘해주지 마세요"" 착한 사람이 가장 먼저 챙겨야 할 성경적 우선순위 5가지","Feb 9, 2026",1240,0
2026-04-25,UaWyKr0gEN4,"""모두에게 잘해주지 마세요"" 착한 사람이 가장 먼저 챙겨야 할 성경적 우선순위 5가지","Feb 9, 2026",1240,14
2026-04-26,UaWyKr0gEN4,"""모두에게 잘해주지 마세요"" 착한 사람이 가장 먼저 챙겨야 할 성경적 우선순위 5가지","Feb 9, 2026",1240,15
2026-04-27,UaWyKr0gEN4,"""모두에게 잘해주지 마세요"" 착한 사람이 가장 먼저 챙겨야 할 성경적 우선순위 5가지","Feb 9, 2026",1240,36
2026-04-28,UaWyKr0gEN4,"""모두에게 잘해주지 마세요"" 착한 사람이 가장 먼저 챙겨야 할 성경적 우선순위 5가지","Feb 9, 2026",1240,31
2026-01-29,VMSuDe5PPW0,통장이 비어도 두렵지 않은 이유 | 하나님의 공급을 경험하는 성경 3가지 원리 | 기독교 말씀,"Mar 27, 2026",1629,0
2026-01-30,VMSuDe5PPW0,통장이 비어도 두렵지 않은 이유 | 하나님의 공급을 경험하는 성경 3가지 원리 | 기독교 말씀,"Mar 27, 2026",1629,0
2026-01-31,VMSuDe5PPW0,통장이 비어도 두렵지 않은 이유 | 하나님의 공급을 경험하는 성경 3가지 원리 | 기독교 말씀,"Mar 27, 2026",1629,0
2026-02-01,VMSuDe5PPW0,통장이 비어도 두렵지 않은 이유 | 하나님의 공급을 경험하는 성경 3가지 원리 | 기독교 말씀,"Mar 27, 2026",1629,0
2026-02-02,VMSuDe5PPW0,통장이 비어도 두렵지 않은 이유 | 하나님의 공급을 경험하는 성경 3가지 원리 | 기독교 말씀,"Mar 27, 2026",1629,0
2026-02-03,VMSuDe5PPW0,통장이 비어도 두렵지 않은 이유 | 하나님의 공급을 경험하는 성경 3가지 원리 | 기독교 말씀,"Mar 27, 2026",1629,0
2026-02-04,VMSuDe5PPW0,통장이 비어도 두렵지 않은 이유 | 하나님의 공급을 경험하는 성경 3가지 원리 | 기독교 말씀,"Mar 27, 2026",1629,0
2026-02-05,VMSuDe5PPW0,통장이 비어도 두렵지 않은 이유 | 하나님의 공급을 경험하는 성경 3가지 원리 | 기독교 말씀,"Mar 27, 2026",1629,0
2026-02-06,VMSuDe5PPW0,통장이 비어도 두렵지 않은 이유 | 하나님의 공급을 경험하는 성경 3가지 원리 | 기독교 말씀,"Mar 27, 2026",1629,0
2026-02-07,VMSuDe5PPW0,통장이 비어도 두렵지 않은 이유 | 하나님의 공급을 경험하는 성경 3가지 원리 | 기독교 말씀,"Mar 27, 2026",1629,0
2026-02-08,VMSuDe5PPW0,통장이 비어도 두렵지 않은 이유 | 하나님의 공급을 경험하는 성경 3가지 원리 | 기독교 말씀,"Mar 27, 2026",1629,0
2026-02-09,VMSuDe5PPW0,통장이 비어도 두렵지 않은 이유 | 하나님의 공급을 경험하는 성경 3가지 원리 | 기독교 말씀,"Mar 27, 2026",1629,0
2026-02-10,VMSuDe5PPW0,통장이 비어도 두렵지 않은 이유 | 하나님의 공급을 경험하는 성경 3가지 원리 | 기독교 말씀,"Mar 27, 2026",1629,0
2026-02-11,VMSuDe5PPW0,통장이 비어도 두렵지 않은 이유 | 하나님의 공급을 경험하는 성경 3가지 원리 | 기독교 말씀,"Mar 27, 2026",1629,0
2026-02-12,VMSuDe5PPW0,통장이 비어도 두렵지 않은 이유 | 하나님의 공급을 경험하는 성경 3가지 원리 | 기독교 말씀,"Mar 27, 2026",1629,0
2026-02-13,VMSuDe5PPW0,통장이 비어도 두렵지 않은 이유 | 하나님의 공급을 경험하는 성경 3가지 원리 | 기독교 말씀,"Mar 27, 2026",1629,0
2026-02-14,VMSuDe5PPW0,통장이 비어도 두렵지 않은 이유 | 하나님의 공급을 경험하는 성경 3가지 원리 | 기독교 말씀,"Mar 27, 2026",1629,0
2026-02-15,VMSuDe5PPW0,통장이 비어도 두렵지 않은 이유 | 하나님의 공급을 경험하는 성경 3가지 원리 | 기독교 말씀,"Mar 27, 2026",1629,0
2026-02-16,VMSuDe5PPW0,통장이 비어도 두렵지 않은 이유 | 하나님의 공급을 경험하는 성경 3가지 원리 | 기독교 말씀,"Mar 27, 2026",1629,0
2026-02-17,VMSuDe5PPW0,통장이 비어도 두렵지 않은 이유 | 하나님의 공급을 경험하는 성경 3가지 원리 | 기독교 말씀,"Mar 27, 2026",1629,0
2026-02-18,VMSuDe5PPW0,통장이 비어도 두렵지 않은 이유 | 하나님의 공급을 경험하는 성경 3가지 원리 | 기독교 말씀,"Mar 27, 2026",1629,0
2026-02-19,VMSuDe5PPW0,통장이 비어도 두렵지 않은 이유 | 하나님의 공급을 경험하는 성경 3가지 원리 | 기독교 말씀,"Mar 27, 2026",1629,0
2026-02-20,VMSuDe5PPW0,통장이 비어도 두렵지 않은 이유 | 하나님의 공급을 경험하는 성경 3가지 원리 | 기독교 말씀,"Mar 27, 2026",1629,0
2026-02-21,VMSuDe5PPW0,통장이 비어도 두렵지 않은 이유 | 하나님의 공급을 경험하는 성경 3가지 원리 | 기독교 말씀,"Mar 27, 2026",1629,0
2026-02-22,VMSuDe5PPW0,통장이 비어도 두렵지 않은 이유 | 하나님의 공급을 경험하는 성경 3가지 원리 | 기독교 말씀,"Mar 27, 2026",1629,0
2026-02-23,VMSuDe5PPW0,통장이 비어도 두렵지 않은 이유 | 하나님의 공급을 경험하는 성경 3가지 원리 | 기독교 말씀,"Mar 27, 2026",1629,0
2026-02-24,VMSuDe5PPW0,통장이 비어도 두렵지 않은 이유 | 하나님의 공급을 경험하는 성경 3가지 원리 | 기독교 말씀,"Mar 27, 2026",1629,0
2026-02-25,VMSuDe5PPW0,통장이 비어도 두렵지 않은 이유 | 하나님의 공급을 경험하는 성경 3가지 원리 | 기독교 말씀,"Mar 27, 2026",1629,0
2026-02-26,VMSuDe5PPW0,통장이 비어도 두렵지 않은 이유 | 하나님의 공급을 경험하는 성경 3가지 원리 | 기독교 말씀,"Mar 27, 2026",1629,0
2026-02-27,VMSuDe5PPW0,통장이 비어도 두렵지 않은 이유 | 하나님의 공급을 경험하는 성경 3가지 원리 | 기독교 말씀,"Mar 27, 2026",1629,0
2026-02-28,VMSuDe5PPW0,통장이 비어도 두렵지 않은 이유 | 하나님의 공급을 경험하는 성경 3가지 원리 | 기독교 말씀,"Mar 27, 2026",1629,0
2026-03-01,VMSuDe5PPW0,통장이 비어도 두렵지 않은 이유 | 하나님의 공급을 경험하는 성경 3가지 원리 | 기독교 말씀,"Mar 27, 2026",1629,0
2026-03-02,VMSuDe5PPW0,통장이 비어도 두렵지 않은 이유 | 하나님의 공급을 경험하는 성경 3가지 원리 | 기독교 말씀,"Mar 27, 2026",1629,0
2026-03-03,VMSuDe5PPW0,통장이 비어도 두렵지 않은 이유 | 하나님의 공급을 경험하는 성경 3가지 원리 | 기독교 말씀,"Mar 27, 2026",1629,0
2026-03-04,VMSuDe5PPW0,통장이 비어도 두렵지 않은 이유 | 하나님의 공급을 경험하는 성경 3가지 원리 | 기독교 말씀,"Mar 27, 2026",1629,0
2026-03-05,VMSuDe5PPW0,통장이 비어도 두렵지 않은 이유 | 하나님의 공급을 경험하는 성경 3가지 원리 | 기독교 말씀,"Mar 27, 2026",1629,0
2026-03-06,VMSuDe5PPW0,통장이 비어도 두렵지 않은 이유 | 하나님의 공급을 경험하는 성경 3가지 원리 | 기독교 말씀,"Mar 27, 2026",1629,0
2026-03-07,VMSuDe5PPW0,통장이 비어도 두렵지 않은 이유 | 하나님의 공급을 경험하는 성경 3가지 원리 | 기독교 말씀,"Mar 27, 2026",1629,0
2026-03-08,VMSuDe5PPW0,통장이 비어도 두렵지 않은 이유 | 하나님의 공급을 경험하는 성경 3가지 원리 | 기독교 말씀,"Mar 27, 2026",1629,0
2026-03-09,VMSuDe5PPW0,통장이 비어도 두렵지 않은 이유 | 하나님의 공급을 경험하는 성경 3가지 원리 | 기독교 말씀,"Mar 27, 2026",1629,0
2026-03-10,VMSuDe5PPW0,통장이 비어도 두렵지 않은 이유 | 하나님의 공급을 경험하는 성경 3가지 원리 | 기독교 말씀,"Mar 27, 2026",1629,0
2026-03-11,VMSuDe5PPW0,통장이 비어도 두렵지 않은 이유 | 하나님의 공급을 경험하는 성경 3가지 원리 | 기독교 말씀,"Mar 27, 2026",1629,0
2026-03-12,VMSuDe5PPW0,통장이 비어도 두렵지 않은 이유 | 하나님의 공급을 경험하는 성경 3가지 원리 | 기독교 말씀,"Mar 27, 2026",1629,0
2026-03-13,VMSuDe5PPW0,통장이 비어도 두렵지 않은 이유 | 하나님의 공급을 경험하는 성경 3가지 원리 | 기독교 말씀,"Mar 27, 2026",1629,0
2026-03-14,VMSuDe5PPW0,통장이 비어도 두렵지 않은 이유 | 하나님의 공급을 경험하는 성경 3가지 원리 | 기독교 말씀,"Mar 27, 2026",1629,0
2026-03-15,VMSuDe5PPW0,통장이 비어도 두렵지 않은 이유 | 하나님의 공급을 경험하는 성경 3가지 원리 | 기독교 말씀,"Mar 27, 2026",1629,0
2026-03-16,VMSuDe5PPW0,통장이 비어도 두렵지 않은 이유 | 하나님의 공급을 경험하는 성경 3가지 원리 | 기독교 말씀,"Mar 27, 2026",1629,0
2026-03-17,VMSuDe5PPW0,통장이 비어도 두렵지 않은 이유 | 하나님의 공급을 경험하는 성경 3가지 원리 | 기독교 말씀,"Mar 27, 2026",1629,0
2026-03-18,VMSuDe5PPW0,통장이 비어도 두렵지 않은 이유 | 하나님의 공급을 경험하는 성경 3가지 원리 | 기독교 말씀,"Mar 27, 2026",1629,0
2026-03-19,VMSuDe5PPW0,통장이 비어도 두렵지 않은 이유 | 하나님의 공급을 경험하는 성경 3가지 원리 | 기독교 말씀,"Mar 27, 2026",1629,0
2026-03-20,VMSuDe5PPW0,통장이 비어도 두렵지 않은 이유 | 하나님의 공급을 경험하는 성경 3가지 원리 | 기독교 말씀,"Mar 27, 2026",1629,0
2026-03-21,VMSuDe5PPW0,통장이 비어도 두렵지 않은 이유 | 하나님의 공급을 경험하는 성경 3가지 원리 | 기독교 말씀,"Mar 27, 2026",1629,0
2026-03-22,VMSuDe5PPW0,통장이 비어도 두렵지 않은 이유 | 하나님의 공급을 경험하는 성경 3가지 원리 | 기독교 말씀,"Mar 27, 2026",1629,0
2026-03-23,VMSuDe5PPW0,통장이 비어도 두렵지 않은 이유 | 하나님의 공급을 경험하는 성경 3가지 원리 | 기독교 말씀,"Mar 27, 2026",1629,0
2026-03-24,VMSuDe5PPW0,통장이 비어도 두렵지 않은 이유 | 하나님의 공급을 경험하는 성경 3가지 원리 | 기독교 말씀,"Mar 27, 2026",1629,0
2026-03-25,VMSuDe5PPW0,통장이 비어도 두렵지 않은 이유 | 하나님의 공급을 경험하는 성경 3가지 원리 | 기독교 말씀,"Mar 27, 2026",1629,0
2026-03-26,VMSuDe5PPW0,통장이 비어도 두렵지 않은 이유 | 하나님의 공급을 경험하는 성경 3가지 원리 | 기독교 말씀,"Mar 27, 2026",1629,0
2026-03-27,VMSuDe5PPW0,통장이 비어도 두렵지 않은 이유 | 하나님의 공급을 경험하는 성경 3가지 원리 | 기독교 말씀,"Mar 27, 2026",1629,1086
2026-03-28,VMSuDe5PPW0,통장이 비어도 두렵지 않은 이유 | 하나님의 공급을 경험하는 성경 3가지 원리 | 기독교 말씀,"Mar 27, 2026",1629,483
2026-03-29,VMSuDe5PPW0,통장이 비어도 두렵지 않은 이유 | 하나님의 공급을 경험하는 성경 3가지 원리 | 기독교 말씀,"Mar 27, 2026",1629,230
2026-03-30,VMSuDe5PPW0,통장이 비어도 두렵지 않은 이유 | 하나님의 공급을 경험하는 성경 3가지 원리 | 기독교 말씀,"Mar 27, 2026",1629,244
2026-03-31,VMSuDe5PPW0,통장이 비어도 두렵지 않은 이유 | 하나님의 공급을 경험하는 성경 3가지 원리 | 기독교 말씀,"Mar 27, 2026",1629,318
2026-04-01,VMSuDe5PPW0,통장이 비어도 두렵지 않은 이유 | 하나님의 공급을 경험하는 성경 3가지 원리 | 기독교 말씀,"Mar 27, 2026",1629,495
2026-04-02,VMSuDe5PPW0,통장이 비어도 두렵지 않은 이유 | 하나님의 공급을 경험하는 성경 3가지 원리 | 기독교 말씀,"Mar 27, 2026",1629,828
2026-04-03,VMSuDe5PPW0,통장이 비어도 두렵지 않은 이유 | 하나님의 공급을 경험하는 성경 3가지 원리 | 기독교 말씀,"Mar 27, 2026",1629,793
2026-04-04,VMSuDe5PPW0,통장이 비어도 두렵지 않은 이유 | 하나님의 공급을 경험하는 성경 3가지 원리 | 기독교 말씀,"Mar 27, 2026",1629,689
2026-04-05,VMSuDe5PPW0,통장이 비어도 두렵지 않은 이유 | 하나님의 공급을 경험하는 성경 3가지 원리 | 기독교 말씀,"Mar 27, 2026",1629,752
2026-04-06,VMSuDe5PPW0,통장이 비어도 두렵지 않은 이유 | 하나님의 공급을 경험하는 성경 3가지 원리 | 기독교 말씀,"Mar 27, 2026",1629,775
2026-04-07,VMSuDe5PPW0,통장이 비어도 두렵지 않은 이유 | 하나님의 공급을 경험하는 성경 3가지 원리 | 기독교 말씀,"Mar 27, 2026",1629,1081
2026-04-08,VMSuDe5PPW0,통장이 비어도 두렵지 않은 이유 | 하나님의 공급을 경험하는 성경 3가지 원리 | 기독교 말씀,"Mar 27, 2026",1629,1371
2026-04-09,VMSuDe5PPW0,통장이 비어도 두렵지 않은 이유 | 하나님의 공급을 경험하는 성경 3가지 원리 | 기독교 말씀,"Mar 27, 2026",1629,1841
2026-04-10,VMSuDe5PPW0,통장이 비어도 두렵지 않은 이유 | 하나님의 공급을 경험하는 성경 3가지 원리 | 기독교 말씀,"Mar 27, 2026",1629,1574
2026-04-11,VMSuDe5PPW0,통장이 비어도 두렵지 않은 이유 | 하나님의 공급을 경험하는 성경 3가지 원리 | 기독교 말씀,"Mar 27, 2026",1629,1217
2026-04-12,VMSuDe5PPW0,통장이 비어도 두렵지 않은 이유 | 하나님의 공급을 경험하는 성경 3가지 원리 | 기독교 말씀,"Mar 27, 2026",1629,1530
2026-04-13,VMSuDe5PPW0,통장이 비어도 두렵지 않은 이유 | 하나님의 공급을 경험하는 성경 3가지 원리 | 기독교 말씀,"Mar 27, 2026",1629,1141
2026-04-14,VMSuDe5PPW0,통장이 비어도 두렵지 않은 이유 | 하나님의 공급을 경험하는 성경 3가지 원리 | 기독교 말씀,"Mar 27, 2026",1629,1028
2026-04-15,VMSuDe5PPW0,통장이 비어도 두렵지 않은 이유 | 하나님의 공급을 경험하는 성경 3가지 원리 | 기독교 말씀,"Mar 27, 2026",1629,729
2026-04-16,VMSuDe5PPW0,통장이 비어도 두렵지 않은 이유 | 하나님의 공급을 경험하는 성경 3가지 원리 | 기독교 말씀,"Mar 27, 2026",1629,687
2026-04-17,VMSuDe5PPW0,통장이 비어도 두렵지 않은 이유 | 하나님의 공급을 경험하는 성경 3가지 원리 | 기독교 말씀,"Mar 27, 2026",1629,496
2026-04-18,VMSuDe5PPW0,통장이 비어도 두렵지 않은 이유 | 하나님의 공급을 경험하는 성경 3가지 원리 | 기독교 말씀,"Mar 27, 2026",1629,331
2026-04-19,VMSuDe5PPW0,통장이 비어도 두렵지 않은 이유 | 하나님의 공급을 경험하는 성경 3가지 원리 | 기독교 말씀,"Mar 27, 2026",1629,412
2026-04-20,VMSuDe5PPW0,통장이 비어도 두렵지 않은 이유 | 하나님의 공급을 경험하는 성경 3가지 원리 | 기독교 말씀,"Mar 27, 2026",1629,0
2026-04-21,VMSuDe5PPW0,통장이 비어도 두렵지 않은 이유 | 하나님의 공급을 경험하는 성경 3가지 원리 | 기독교 말씀,"Mar 27, 2026",1629,0
2026-04-22,VMSuDe5PPW0,통장이 비어도 두렵지 않은 이유 | 하나님의 공급을 경험하는 성경 3가지 원리 | 기독교 말씀,"Mar 27, 2026",1629,0
2026-04-23,VMSuDe5PPW0,통장이 비어도 두렵지 않은 이유 | 하나님의 공급을 경험하는 성경 3가지 원리 | 기독교 말씀,"Mar 27, 2026",1629,0
2026-04-24,VMSuDe5PPW0,통장이 비어도 두렵지 않은 이유 | 하나님의 공급을 경험하는 성경 3가지 원리 | 기독교 말씀,"Mar 27, 2026",1629,0
2026-04-25,VMSuDe5PPW0,통장이 비어도 두렵지 않은 이유 | 하나님의 공급을 경험하는 성경 3가지 원리 | 기독교 말씀,"Mar 27, 2026",1629,190
2026-04-26,VMSuDe5PPW0,통장이 비어도 두렵지 않은 이유 | 하나님의 공급을 경험하는 성경 3가지 원리 | 기독교 말씀,"Mar 27, 2026",1629,266
2026-04-27,VMSuDe5PPW0,통장이 비어도 두렵지 않은 이유 | 하나님의 공급을 경험하는 성경 3가지 원리 | 기독교 말씀,"Mar 27, 2026",1629,370
2026-04-28,VMSuDe5PPW0,통장이 비어도 두렵지 않은 이유 | 하나님의 공급을 경험하는 성경 3가지 원리 | 기독교 말씀,"Mar 27, 2026",1629,539
2026-01-29,dZmTXGIRLv0,기도하고 싶은데 말이 안 나오는 분들께,"Mar 2, 2026",832,0
2026-01-30,dZmTXGIRLv0,기도하고 싶은데 말이 안 나오는 분들께,"Mar 2, 2026",832,0
2026-01-31,dZmTXGIRLv0,기도하고 싶은데 말이 안 나오는 분들께,"Mar 2, 2026",832,0
2026-02-01,dZmTXGIRLv0,기도하고 싶은데 말이 안 나오는 분들께,"Mar 2, 2026",832,0
2026-02-02,dZmTXGIRLv0,기도하고 싶은데 말이 안 나오는 분들께,"Mar 2, 2026",832,0
2026-02-03,dZmTXGIRLv0,기도하고 싶은데 말이 안 나오는 분들께,"Mar 2, 2026",832,0
2026-02-04,dZmTXGIRLv0,기도하고 싶은데 말이 안 나오는 분들께,"Mar 2, 2026",832,0
2026-02-05,dZmTXGIRLv0,기도하고 싶은데 말이 안 나오는 분들께,"Mar 2, 2026",832,0
2026-02-06,dZmTXGIRLv0,기도하고 싶은데 말이 안 나오는 분들께,"Mar 2, 2026",832,0
2026-02-07,dZmTXGIRLv0,기도하고 싶은데 말이 안 나오는 분들께,"Mar 2, 2026",832,0
2026-02-08,dZmTXGIRLv0,기도하고 싶은데 말이 안 나오는 분들께,"Mar 2, 2026",832,0
2026-02-09,dZmTXGIRLv0,기도하고 싶은데 말이 안 나오는 분들께,"Mar 2, 2026",832,0
2026-02-10,dZmTXGIRLv0,기도하고 싶은데 말이 안 나오는 분들께,"Mar 2, 2026",832,0
2026-02-11,dZmTXGIRLv0,기도하고 싶은데 말이 안 나오는 분들께,"Mar 2, 2026",832,0
2026-02-12,dZmTXGIRLv0,기도하고 싶은데 말이 안 나오는 분들께,"Mar 2, 2026",832,0
2026-02-13,dZmTXGIRLv0,기도하고 싶은데 말이 안 나오는 분들께,"Mar 2, 2026",832,0
2026-02-14,dZmTXGIRLv0,기도하고 싶은데 말이 안 나오는 분들께,"Mar 2, 2026",832,0
2026-02-15,dZmTXGIRLv0,기도하고 싶은데 말이 안 나오는 분들께,"Mar 2, 2026",832,0
2026-02-16,dZmTXGIRLv0,기도하고 싶은데 말이 안 나오는 분들께,"Mar 2, 2026",832,0
2026-02-17,dZmTXGIRLv0,기도하고 싶은데 말이 안 나오는 분들께,"Mar 2, 2026",832,0
2026-02-18,dZmTXGIRLv0,기도하고 싶은데 말이 안 나오는 분들께,"Mar 2, 2026",832,0
2026-02-19,dZmTXGIRLv0,기도하고 싶은데 말이 안 나오는 분들께,"Mar 2, 2026",832,0
2026-02-20,dZmTXGIRLv0,기도하고 싶은데 말이 안 나오는 분들께,"Mar 2, 2026",832,0
2026-02-21,dZmTXGIRLv0,기도하고 싶은데 말이 안 나오는 분들께,"Mar 2, 2026",832,0
2026-02-22,dZmTXGIRLv0,기도하고 싶은데 말이 안 나오는 분들께,"Mar 2, 2026",832,0
2026-02-23,dZmTXGIRLv0,기도하고 싶은데 말이 안 나오는 분들께,"Mar 2, 2026",832,0
2026-02-24,dZmTXGIRLv0,기도하고 싶은데 말이 안 나오는 분들께,"Mar 2, 2026",832,0
2026-02-25,dZmTXGIRLv0,기도하고 싶은데 말이 안 나오는 분들께,"Mar 2, 2026",832,0
2026-02-26,dZmTXGIRLv0,기도하고 싶은데 말이 안 나오는 분들께,"Mar 2, 2026",832,0
2026-02-27,dZmTXGIRLv0,기도하고 싶은데 말이 안 나오는 분들께,"Mar 2, 2026",832,0
2026-02-28,dZmTXGIRLv0,기도하고 싶은데 말이 안 나오는 분들께,"Mar 2, 2026",832,0
2026-03-01,dZmTXGIRLv0,기도하고 싶은데 말이 안 나오는 분들께,"Mar 2, 2026",832,0
2026-03-02,dZmTXGIRLv0,기도하고 싶은데 말이 안 나오는 분들께,"Mar 2, 2026",832,163
2026-03-03,dZmTXGIRLv0,기도하고 싶은데 말이 안 나오는 분들께,"Mar 2, 2026",832,1179
2026-03-04,dZmTXGIRLv0,기도하고 싶은데 말이 안 나오는 분들께,"Mar 2, 2026",832,518
2026-03-05,dZmTXGIRLv0,기도하고 싶은데 말이 안 나오는 분들께,"Mar 2, 2026",832,346
2026-03-06,dZmTXGIRLv0,기도하고 싶은데 말이 안 나오는 분들께,"Mar 2, 2026",832,1010
2026-03-07,dZmTXGIRLv0,기도하고 싶은데 말이 안 나오는 분들께,"Mar 2, 2026",832,1565
2026-03-08,dZmTXGIRLv0,기도하고 싶은데 말이 안 나오는 분들께,"Mar 2, 2026",832,1548
2026-03-09,dZmTXGIRLv0,기도하고 싶은데 말이 안 나오는 분들께,"Mar 2, 2026",832,1987
2026-03-10,dZmTXGIRLv0,기도하고 싶은데 말이 안 나오는 분들께,"Mar 2, 2026",832,1214
2026-03-11,dZmTXGIRLv0,기도하고 싶은데 말이 안 나오는 분들께,"Mar 2, 2026",832,1489
2026-03-12,dZmTXGIRLv0,기도하고 싶은데 말이 안 나오는 분들께,"Mar 2, 2026",832,1906
2026-03-13,dZmTXGIRLv0,기도하고 싶은데 말이 안 나오는 분들께,"Mar 2, 2026",832,1400
2026-03-14,dZmTXGIRLv0,기도하고 싶은데 말이 안 나오는 분들께,"Mar 2, 2026",832,1052
2026-03-15,dZmTXGIRLv0,기도하고 싶은데 말이 안 나오는 분들께,"Mar 2, 2026",832,858
2026-03-16,dZmTXGIRLv0,기도하고 싶은데 말이 안 나오는 분들께,"Mar 2, 2026",832,921
2026-03-17,dZmTXGIRLv0,기도하고 싶은데 말이 안 나오는 분들께,"Mar 2, 2026",832,1076
2026-03-18,dZmTXGIRLv0,기도하고 싶은데 말이 안 나오는 분들께,"Mar 2, 2026",832,924
2026-03-19,dZmTXGIRLv0,기도하고 싶은데 말이 안 나오는 분들께,"Mar 2, 2026",832,688
2026-03-20,dZmTXGIRLv0,기도하고 싶은데 말이 안 나오는 분들께,"Mar 2, 2026",832,388
2026-03-21,dZmTXGIRLv0,기도하고 싶은데 말이 안 나오는 분들께,"Mar 2, 2026",832,297
2026-03-22,dZmTXGIRLv0,기도하고 싶은데 말이 안 나오는 분들께,"Mar 2, 2026",832,295
2026-03-23,dZmTXGIRLv0,기도하고 싶은데 말이 안 나오는 분들께,"Mar 2, 2026",832,385
2026-03-24,dZmTXGIRLv0,기도하고 싶은데 말이 안 나오는 분들께,"Mar 2, 2026",832,336
2026-03-25,dZmTXGIRLv0,기도하고 싶은데 말이 안 나오는 분들께,"Mar 2, 2026",832,133
2026-03-26,dZmTXGIRLv0,기도하고 싶은데 말이 안 나오는 분들께,"Mar 2, 2026",832,163
2026-03-27,dZmTXGIRLv0,기도하고 싶은데 말이 안 나오는 분들께,"Mar 2, 2026",832,96
2026-03-28,dZmTXGIRLv0,기도하고 싶은데 말이 안 나오는 분들께,"Mar 2, 2026",832,102
2026-03-29,dZmTXGIRLv0,기도하고 싶은데 말이 안 나오는 분들께,"Mar 2, 2026",832,133
2026-03-30,dZmTXGIRLv0,기도하고 싶은데 말이 안 나오는 분들께,"Mar 2, 2026",832,117
2026-03-31,dZmTXGIRLv0,기도하고 싶은데 말이 안 나오는 분들께,"Mar 2, 2026",832,123
2026-04-01,dZmTXGIRLv0,기도하고 싶은데 말이 안 나오는 분들께,"Mar 2, 2026",832,113
2026-04-02,dZmTXGIRLv0,기도하고 싶은데 말이 안 나오는 분들께,"Mar 2, 2026",832,53
2026-04-03,dZmTXGIRLv0,기도하고 싶은데 말이 안 나오는 분들께,"Mar 2, 2026",832,55
2026-04-04,dZmTXGIRLv0,기도하고 싶은데 말이 안 나오는 분들께,"Mar 2, 2026",832,30
2026-04-05,dZmTXGIRLv0,기도하고 싶은데 말이 안 나오는 분들께,"Mar 2, 2026",832,43
2026-04-06,dZmTXGIRLv0,기도하고 싶은데 말이 안 나오는 분들께,"Mar 2, 2026",832,41
2026-04-07,dZmTXGIRLv0,기도하고 싶은데 말이 안 나오는 분들께,"Mar 2, 2026",832,78
2026-04-08,dZmTXGIRLv0,기도하고 싶은데 말이 안 나오는 분들께,"Mar 2, 2026",832,59
2026-04-09,dZmTXGIRLv0,기도하고 싶은데 말이 안 나오는 분들께,"Mar 2, 2026",832,87
2026-04-10,dZmTXGIRLv0,기도하고 싶은데 말이 안 나오는 분들께,"Mar 2, 2026",832,71
2026-04-11,dZmTXGIRLv0,기도하고 싶은데 말이 안 나오는 분들께,"Mar 2, 2026",832,28
2026-04-12,dZmTXGIRLv0,기도하고 싶은데 말이 안 나오는 분들께,"Mar 2, 2026",832,49
2026-04-13,dZmTXGIRLv0,기도하고 싶은데 말이 안 나오는 분들께,"Mar 2, 2026",832,41
2026-04-14,dZmTXGIRLv0,기도하고 싶은데 말이 안 나오는 분들께,"Mar 2, 2026",832,69
2026-04-15,dZmTXGIRLv0,기도하고 싶은데 말이 안 나오는 분들께,"Mar 2, 2026",832,68
2026-04-16,dZmTXGIRLv0,기도하고 싶은데 말이 안 나오는 분들께,"Mar 2, 2026",832,58
2026-04-17,dZmTXGIRLv0,기도하고 싶은데 말이 안 나오는 분들께,"Mar 2, 2026",832,32
2026-04-18,dZmTXGIRLv0,기도하고 싶은데 말이 안 나오는 분들께,"Mar 2, 2026",832,18
2026-04-19,dZmTXGIRLv0,기도하고 싶은데 말이 안 나오는 분들께,"Mar 2, 2026",832,20
2026-04-20,dZmTXGIRLv0,기도하고 싶은데 말이 안 나오는 분들께,"Mar 2, 2026",832,0
2026-04-21,dZmTXGIRLv0,기도하고 싶은데 말이 안 나오는 분들께,"Mar 2, 2026",832,0
2026-04-22,dZmTXGIRLv0,기도하고 싶은데 말이 안 나오는 분들께,"Mar 2, 2026",832,0
2026-04-23,dZmTXGIRLv0,기도하고 싶은데 말이 안 나오는 분들께,"Mar 2, 2026",832,0
2026-04-24,dZmTXGIRLv0,기도하고 싶은데 말이 안 나오는 분들께,"Mar 2, 2026",832,0
2026-04-25,dZmTXGIRLv0,기도하고 싶은데 말이 안 나오는 분들께,"Mar 2, 2026",832,15
2026-04-26,dZmTXGIRLv0,기도하고 싶은데 말이 안 나오는 분들께,"Mar 2, 2026",832,40
2026-04-27,dZmTXGIRLv0,기도하고 싶은데 말이 안 나오는 분들께,"Mar 2, 2026",832,40
2026-04-28,dZmTXGIRLv0,기도하고 싶은데 말이 안 나오는 분들께,"Mar 2, 2026",832,32
